genyear,genmonth,genweek,genday,genweekday,genhour,cnt
2020,4,15,7,Tuesday,6,4
2020,4,15,7,Tuesday,6,4
2020,5,19,3,Sunday,21,1
2020,5,19,4,Monday,21,3
2020,5,23,31,Sunday,21,1
2020,6,27,30,Tuesday,5,1
2020,8,32,7,Friday,15,2
2020,9,37,7,Monday,11,1
2020,9,37,7,Monday,21,1
2020,9,37,7,Monday,21,1
2020,9,38,13,Sunday,21,1
2020,9,39,21,Monday,21,1
2020,9,39,21,Monday,21,1
2020,9,40,27,Sunday,21,1
2020,10,43,19,Monday,21,1
2020,10,43,19,Monday,21,1
2020,11,47,16,Monday,21,1
2020,11,47,16,Monday,21,1
2020,12,51,17,Thursday,1,1
2020,12,52,20,Sunday,21,1
2020,12,52,20,Sunday,21,1
2021,1,5,27,Wednesday,21,1
2021,2,6,2,Tuesday,21,1
2021,2,7,9,Tuesday,10,6
2021,2,7,10,Wednesday,10,4
2021,2,7,10,Wednesday,13,2
2021,2,7,11,Thursday,9,4
2021,2,8,16,Tuesday,6,1
2021,2,8,17,Wednesday,12,1
2021,2,9,25,Thursday,5,5
2021,2,9,25,Thursday,9,1
2021,3,11,12,Friday,10,8
2021,3,12,15,Monday,9,1
2021,3,14,28,Sunday,21,1
2021,3,14,31,Wednesday,1,1
2021,4,15,8,Thursday,1,1
2021,4,16,14,Wednesday,5,1
2021,4,17,20,Tuesday,6,1
2021,4,18,25,Sunday,21,1
2021,4,18,25,Sunday,21,1
2021,4,18,28,Wednesday,21,1
2021,4,18,28,Wednesday,21,1
2021,4,18,29,Thursday,1,1
2021,4,18,29,Thursday,1,1
2021,4,18,29,Thursday,21,1
2021,4,18,29,Thursday,21,1
2021,5,19,4,Tuesday,17,1
2021,5,19,6,Thursday,9,1
2021,5,19,6,Thursday,11,1
2021,5,19,6,Thursday,13,1
2021,5,19,7,Friday,5,1
2021,5,20,9,Sunday,21,1
2021,5,20,10,Monday,13,1
2021,5,20,11,Tuesday,7,3
2021,5,20,11,Tuesday,14,1
2021,5,20,12,Wednesday,13,1
2021,5,20,13,Thursday,5,1
2021,5,20,13,Thursday,6,1
2021,5,20,14,Friday,14,1
2021,5,20,15,Saturday,1,1
2021,5,21,17,Monday,8,1
2021,5,21,17,Monday,12,3
2021,5,21,18,Tuesday,6,1
2021,5,21,18,Tuesday,10,1
2021,5,21,18,Tuesday,21,2
2021,5,22,24,Monday,8,1
2021,5,22,24,Monday,11,1
2021,5,22,24,Monday,21,2
2021,5,22,25,Tuesday,8,2
2021,5,22,25,Tuesday,14,1
2021,5,22,26,Wednesday,1,1
2021,5,22,26,Wednesday,11,2
2021,5,22,27,Thursday,4,2
2021,5,22,27,Thursday,21,1
2021,5,22,28,Friday,9,1
2021,5,23,30,Sunday,21,2
2021,5,23,31,Monday,21,1
2021,6,23,1,Tuesday,8,1
2021,6,23,1,Tuesday,13,1
2021,6,23,1,Tuesday,21,1
2021,6,23,3,Thursday,21,2
2021,6,24,6,Sunday,21,2
2021,6,24,7,Monday,21,1
2021,6,24,7,Monday,21,1
2021,6,24,9,Wednesday,13,1
2021,6,24,9,Wednesday,21,1
2021,6,24,10,Thursday,21,1
2021,6,25,14,Monday,8,1
2021,6,25,14,Monday,10,1
2021,6,25,14,Monday,15,2
2021,6,25,14,Monday,19,3
2021,6,25,14,Monday,21,1
2021,6,25,15,Tuesday,4,1
2021,6,25,15,Tuesday,8,1
2021,6,25,15,Tuesday,21,2
2021,6,25,17,Thursday,10,2
2021,6,25,17,Thursday,21,1
2021,6,25,18,Friday,6,23
2021,6,25,18,Friday,21,1
2021,6,25,19,Saturday,21,1
2021,6,26,20,Sunday,21,5
2021,6,26,20,Sunday,21,5
2021,6,26,21,Monday,1,1
2021,6,26,21,Monday,5,1
2021,6,26,21,Monday,6,2
2021,6,26,21,Monday,7,4
2021,6,26,21,Monday,9,1
2021,6,26,21,Monday,15,1
2021,6,26,21,Monday,19,1
2021,6,26,21,Monday,21,3
2021,6,26,21,Monday,21,3
2021,6,26,22,Tuesday,4,2
2021,6,26,22,Tuesday,9,1
2021,6,26,22,Tuesday,21,2
2021,6,26,23,Wednesday,10,2
2021,6,26,23,Wednesday,21,2
2021,6,26,24,Thursday,5,1
2021,6,26,24,Thursday,9,2
2021,6,26,24,Thursday,21,5
2021,6,26,25,Friday,4,1
2021,6,26,25,Friday,21,3
2021,6,26,26,Saturday,4,1
2021,6,27,28,Monday,9,1
2021,6,27,28,Monday,19,2
2021,6,27,29,Tuesday,12,1
2021,6,27,29,Tuesday,21,1
2021,6,27,30,Wednesday,10,1
2021,6,27,30,Wednesday,21,1
2021,7,27,1,Thursday,4,3
2021,7,27,2,Friday,6,1
2021,7,27,3,Saturday,1,1
2021,7,28,4,Sunday,21,7
2021,7,28,5,Monday,21,1
2021,7,28,6,Tuesday,6,1
2021,7,28,6,Tuesday,11,2
2021,7,28,6,Tuesday,14,1
2021,7,28,6,Tuesday,21,2
2021,7,28,7,Wednesday,6,1
2021,7,28,7,Wednesday,13,1
2021,7,28,7,Wednesday,16,7
2021,7,28,7,Wednesday,21,3
2021,7,28,8,Thursday,9,1
2021,7,28,8,Thursday,14,3
2021,7,28,8,Thursday,21,2
2021,7,28,9,Friday,10,10
2021,7,28,9,Friday,21,1
2021,7,28,10,Saturday,1,1
2021,7,28,10,Saturday,8,1
2021,7,28,10,Saturday,21,1
2021,7,29,11,Sunday,21,4
2021,7,29,12,Monday,4,1
2021,7,29,12,Monday,8,2
2021,7,29,12,Monday,9,5
2021,7,29,12,Monday,10,1
2021,7,29,12,Monday,11,1
2021,7,29,12,Monday,14,2
2021,7,29,12,Monday,21,1
2021,7,29,13,Tuesday,0,4
2021,7,29,13,Tuesday,10,2
2021,7,29,13,Tuesday,13,1
2021,7,29,13,Tuesday,21,4
2021,7,29,14,Wednesday,6,1
2021,7,29,14,Wednesday,9,1
2021,7,29,14,Wednesday,13,1
2021,7,29,14,Wednesday,14,1
2021,7,29,14,Wednesday,18,1
2021,7,29,14,Wednesday,21,3
2021,7,29,15,Thursday,4,2
2021,7,29,15,Thursday,10,1
2021,7,29,15,Thursday,18,1
2021,7,29,15,Thursday,21,1
2021,7,29,16,Friday,9,1
2021,7,29,16,Friday,10,1
2021,7,29,16,Friday,16,1
2021,7,29,17,Saturday,8,2
2021,7,30,18,Sunday,21,4
2021,7,30,18,Sunday,23,1
2021,7,30,19,Monday,7,1
2021,7,30,19,Monday,16,9
2021,7,30,19,Monday,21,7
2021,7,30,19,Monday,21,7
2021,7,30,20,Tuesday,4,1
2021,7,30,20,Tuesday,7,1
2021,7,30,20,Tuesday,14,3
2021,7,30,20,Tuesday,15,1
2021,7,30,20,Tuesday,21,2
2021,7,30,21,Wednesday,5,1
2021,7,30,21,Wednesday,6,1
2021,7,30,21,Wednesday,7,3
2021,7,30,21,Wednesday,15,1
2021,7,30,21,Wednesday,21,6
2021,7,30,22,Thursday,4,4
2021,7,30,22,Thursday,14,4
2021,7,30,22,Thursday,21,7
2021,7,30,23,Friday,9,5
2021,7,30,23,Friday,10,5
2021,7,30,23,Friday,12,5
2021,7,30,23,Friday,13,7
2021,7,30,23,Friday,15,1
2021,7,30,23,Friday,21,2
2021,7,31,25,Sunday,4,1
2021,7,31,25,Sunday,19,1
2021,7,31,25,Sunday,21,35
2021,7,31,25,Sunday,21,35
2021,7,31,26,Monday,1,1
2021,7,31,26,Monday,5,2
2021,7,31,26,Monday,6,2
2021,7,31,26,Monday,9,8
2021,7,31,26,Monday,10,11
2021,7,31,26,Monday,11,24
2021,7,31,26,Monday,12,11
2021,7,31,26,Monday,13,3
2021,7,31,26,Monday,14,2
2021,7,31,26,Monday,16,4
2021,7,31,26,Monday,18,3
2021,7,31,26,Monday,21,20
2021,7,31,26,Monday,23,1
2021,7,31,27,Tuesday,1,5
2021,7,31,27,Tuesday,5,3
2021,7,31,27,Tuesday,6,1
2021,7,31,27,Tuesday,8,2
2021,7,31,27,Tuesday,9,10
2021,7,31,27,Tuesday,10,7
2021,7,31,27,Tuesday,11,3
2021,7,31,27,Tuesday,12,1
2021,7,31,27,Tuesday,13,2
2021,7,31,27,Tuesday,14,2
2021,7,31,27,Tuesday,16,2
2021,7,31,27,Tuesday,20,1
2021,7,31,27,Tuesday,21,19
2021,7,31,28,Wednesday,1,1
2021,7,31,28,Wednesday,5,4
2021,7,31,28,Wednesday,6,3
2021,7,31,28,Wednesday,7,28
2021,7,31,28,Wednesday,8,1
2021,7,31,28,Wednesday,10,9
2021,7,31,28,Wednesday,11,2
2021,7,31,28,Wednesday,12,1
2021,7,31,28,Wednesday,13,15
2021,7,31,28,Wednesday,14,3
2021,7,31,28,Wednesday,21,14
2021,7,31,28,Wednesday,21,14
2021,7,31,29,Thursday,0,1
2021,7,31,29,Thursday,1,26
2021,7,31,29,Thursday,1,26
2021,7,31,29,Thursday,4,1
2021,7,31,29,Thursday,8,3
2021,7,31,29,Thursday,9,7
2021,7,31,29,Thursday,10,13
2021,7,31,29,Thursday,11,5
2021,7,31,29,Thursday,12,8
2021,7,31,29,Thursday,13,19
2021,7,31,29,Thursday,14,2
2021,7,31,29,Thursday,15,19
2021,7,31,29,Thursday,16,3
2021,7,31,29,Thursday,17,2
2021,7,31,29,Thursday,21,15
2021,7,31,29,Thursday,21,15
2021,7,31,29,Thursday,23,8
2021,7,31,30,Friday,1,78
2021,7,31,30,Friday,3,2
2021,7,31,30,Friday,4,2
2021,7,31,30,Friday,5,4
2021,7,31,30,Friday,6,2
2021,7,31,30,Friday,7,8
2021,7,31,30,Friday,8,16
2021,7,31,30,Friday,9,13
2021,7,31,30,Friday,10,31
2021,7,31,30,Friday,11,128
2021,7,31,30,Friday,12,17
2021,7,31,30,Friday,13,13
2021,7,31,30,Friday,14,13
2021,7,31,30,Friday,15,34
2021,7,31,30,Friday,16,6
2021,7,31,30,Friday,18,3
2021,7,31,30,Friday,21,1
2021,7,31,30,Friday,22,1
2021,7,31,31,Saturday,1,31
2021,7,31,31,Saturday,3,85
2021,7,31,31,Saturday,7,3
2021,7,31,31,Saturday,10,1
2021,7,31,31,Saturday,11,1
2021,7,31,31,Saturday,14,8
2021,7,31,31,Saturday,17,4
2021,7,31,31,Saturday,21,11
2021,7,31,31,Saturday,22,9
2021,8,32,1,Sunday,1,4
2021,8,32,1,Sunday,6,1
2021,8,32,1,Sunday,8,1
2021,8,32,1,Sunday,9,4
2021,8,32,1,Sunday,15,3
2021,8,32,1,Sunday,16,2
2021,8,32,1,Sunday,18,1
2021,8,32,1,Sunday,19,1
2021,8,32,1,Sunday,21,72
2021,8,32,1,Sunday,22,3
2021,8,32,2,Monday,1,6
2021,8,32,2,Monday,4,3
2021,8,32,2,Monday,5,78
2021,8,32,2,Monday,6,153
2021,8,32,2,Monday,7,342
2021,8,32,2,Monday,8,713
2021,8,32,2,Monday,9,91
2021,8,32,2,Monday,10,161
2021,8,32,2,Monday,11,153
2021,8,32,2,Monday,12,172
2021,8,32,2,Monday,13,251
2021,8,32,2,Monday,14,1812
2021,8,32,2,Monday,15,893
2021,8,32,2,Monday,16,125
2021,8,32,2,Monday,17,139
2021,8,32,2,Monday,18,85
2021,8,32,2,Monday,19,152
2021,8,32,2,Monday,20,153
2021,8,32,2,Monday,21,436
2021,8,32,2,Monday,22,95
2021,8,32,2,Monday,23,143
2021,8,32,3,Tuesday,0,3
2021,8,32,3,Tuesday,1,114
2021,8,32,3,Tuesday,2,11
2021,8,32,3,Tuesday,3,125
2021,8,32,3,Tuesday,4,330
2021,8,32,3,Tuesday,5,241
2021,8,32,3,Tuesday,6,1330
2021,8,32,3,Tuesday,7,658
2021,8,32,3,Tuesday,8,984
2021,8,32,3,Tuesday,9,1834
2021,8,32,3,Tuesday,10,3378
2021,8,32,3,Tuesday,11,3446
2021,8,32,3,Tuesday,12,4448
2021,8,32,3,Tuesday,13,3894
2021,8,32,3,Tuesday,14,3817
2021,8,32,3,Tuesday,15,3015
2021,8,32,3,Tuesday,16,286
2021,8,32,3,Tuesday,17,129
2021,8,32,3,Tuesday,18,83
2021,8,32,3,Tuesday,19,574
2021,8,32,3,Tuesday,20,18
2021,8,32,3,Tuesday,21,148
2021,8,32,3,Tuesday,22,54
2021,8,32,3,Tuesday,23,150
2021,8,32,4,Wednesday,0,37
2021,8,32,4,Wednesday,1,90
2021,8,32,4,Wednesday,2,11
2021,8,32,4,Wednesday,3,74
2021,8,32,4,Wednesday,4,203
2021,8,32,4,Wednesday,5,617
2021,8,32,4,Wednesday,6,1408
2021,8,32,4,Wednesday,7,1189
2021,8,32,4,Wednesday,8,1826
2021,8,32,4,Wednesday,9,2101
2021,8,32,4,Wednesday,10,1642
2021,8,32,4,Wednesday,11,3947
2021,8,32,4,Wednesday,12,3179
2021,8,32,4,Wednesday,13,5844
2021,8,32,4,Wednesday,14,5818
2021,8,32,4,Wednesday,15,808
2021,8,32,4,Wednesday,16,381
2021,8,32,4,Wednesday,17,170
2021,8,32,4,Wednesday,18,34
2021,8,32,4,Wednesday,19,125
2021,8,32,4,Wednesday,20,1132
2021,8,32,4,Wednesday,21,148
2021,8,32,4,Wednesday,22,73
2021,8,32,4,Wednesday,23,132
2021,8,32,5,Thursday,0,30
2021,8,32,5,Thursday,1,64
2021,8,32,5,Thursday,2,87
2021,8,32,5,Thursday,3,25
2021,8,32,5,Thursday,4,536
2021,8,32,5,Thursday,5,358
2021,8,32,5,Thursday,6,927
2021,8,32,5,Thursday,7,1088
2021,8,32,5,Thursday,8,1645
2021,8,32,5,Thursday,9,2001
2021,8,32,5,Thursday,10,1931
2021,8,32,5,Thursday,11,3763
2021,8,32,5,Thursday,12,3862
2021,8,32,5,Thursday,13,5386
2021,8,32,5,Thursday,14,6627
2021,8,32,5,Thursday,15,1231
2021,8,32,5,Thursday,16,239
2021,8,32,5,Thursday,17,74
2021,8,32,5,Thursday,18,66
2021,8,32,5,Thursday,19,112
2021,8,32,5,Thursday,20,4
2021,8,32,5,Thursday,21,28
2021,8,32,5,Thursday,22,33
2021,8,32,5,Thursday,23,128
2021,8,32,6,Friday,0,26
2021,8,32,6,Friday,1,81
2021,8,32,6,Friday,2,5
2021,8,32,6,Friday,3,2
2021,8,32,6,Friday,4,123
2021,8,32,6,Friday,5,326
2021,8,32,6,Friday,6,1231
2021,8,32,6,Friday,7,1813
2021,8,32,6,Friday,8,1762
2021,8,32,6,Friday,9,1564
2021,8,32,6,Friday,10,1683
2021,8,32,6,Friday,11,3817
2021,8,32,6,Friday,12,4083
2021,8,32,6,Friday,13,4202
2021,8,32,6,Friday,14,4504
2021,8,32,6,Friday,15,314
2021,8,32,6,Friday,16,388
2021,8,32,6,Friday,17,103
2021,8,32,6,Friday,18,28
2021,8,32,6,Friday,19,1102
2021,8,32,6,Friday,20,12
2021,8,32,6,Friday,21,14
2021,8,32,6,Friday,22,4
2021,8,32,7,Saturday,1,25
2021,8,32,7,Saturday,3,1
2021,8,32,7,Saturday,4,98
2021,8,32,7,Saturday,5,2
2021,8,32,7,Saturday,6,379
2021,8,32,7,Saturday,7,69
2021,8,32,7,Saturday,8,249
2021,8,32,7,Saturday,9,107
2021,8,32,7,Saturday,10,164
2021,8,32,7,Saturday,11,1087
2021,8,32,7,Saturday,12,448
2021,8,32,7,Saturday,13,448
2021,8,32,7,Saturday,14,113
2021,8,32,7,Saturday,16,12
2021,8,32,7,Saturday,17,15
2021,8,32,7,Saturday,18,74
2021,8,32,7,Saturday,19,50
2021,8,32,7,Saturday,21,3
2021,8,33,8,Sunday,1,14
2021,8,33,8,Sunday,3,35
2021,8,33,8,Sunday,6,134
2021,8,33,8,Sunday,7,87
2021,8,33,8,Sunday,8,524
2021,8,33,8,Sunday,9,162
2021,8,33,8,Sunday,10,413
2021,8,33,8,Sunday,11,590
2021,8,33,8,Sunday,12,1107
2021,8,33,8,Sunday,13,2524
2021,8,33,8,Sunday,14,264
2021,8,33,8,Sunday,15,11
2021,8,33,8,Sunday,16,51
2021,8,33,8,Sunday,17,6
2021,8,33,8,Sunday,18,8
2021,8,33,8,Sunday,19,7
2021,8,33,8,Sunday,20,16
2021,8,33,8,Sunday,21,86
2021,8,33,8,Sunday,22,75
2021,8,33,8,Sunday,23,268
2021,8,33,9,Monday,0,14
2021,8,33,9,Monday,1,12
2021,8,33,9,Monday,2,5
2021,8,33,9,Monday,3,120
2021,8,33,9,Monday,4,103
2021,8,33,9,Monday,5,433
2021,8,33,9,Monday,6,1165
2021,8,33,9,Monday,7,1030
2021,8,33,9,Monday,8,1973
2021,8,33,9,Monday,9,2318
2021,8,33,9,Monday,10,1851
2021,8,33,9,Monday,11,4611
2021,8,33,9,Monday,12,4470
2021,8,33,9,Monday,13,5117
2021,8,33,9,Monday,14,5395
2021,8,33,9,Monday,15,2516
2021,8,33,9,Monday,16,172
2021,8,33,9,Monday,17,96
2021,8,33,9,Monday,18,23
2021,8,33,9,Monday,19,43
2021,8,33,9,Monday,20,984
2021,8,33,9,Monday,21,215
2021,8,33,9,Monday,22,378
2021,8,33,9,Monday,23,225
2021,8,33,10,Tuesday,0,28
2021,8,33,10,Tuesday,1,119
2021,8,33,10,Tuesday,2,3
2021,8,33,10,Tuesday,3,109
2021,8,33,10,Tuesday,4,454
2021,8,33,10,Tuesday,5,267
2021,8,33,10,Tuesday,6,1092
2021,8,33,10,Tuesday,7,1127
2021,8,33,10,Tuesday,8,1303
2021,8,33,10,Tuesday,9,1828
2021,8,33,10,Tuesday,10,2077
2021,8,33,10,Tuesday,11,3522
2021,8,33,10,Tuesday,12,3998
2021,8,33,10,Tuesday,13,5001
2021,8,33,10,Tuesday,14,5702
2021,8,33,10,Tuesday,15,1735
2021,8,33,10,Tuesday,16,199
2021,8,33,10,Tuesday,17,103
2021,8,33,10,Tuesday,18,166
2021,8,33,10,Tuesday,19,1094
2021,8,33,10,Tuesday,20,25
2021,8,33,10,Tuesday,21,77
2021,8,33,10,Tuesday,22,68
2021,8,33,10,Tuesday,23,241
2021,8,33,11,Wednesday,0,14
2021,8,33,11,Wednesday,1,83
2021,8,33,11,Wednesday,3,145
2021,8,33,11,Wednesday,4,146
2021,8,33,11,Wednesday,5,288
2021,8,33,11,Wednesday,6,1107
2021,8,33,11,Wednesday,7,1215
2021,8,33,11,Wednesday,8,1736
2021,8,33,11,Wednesday,9,1782
2021,8,33,11,Wednesday,10,3498
2021,8,33,11,Wednesday,11,4216
2021,8,33,11,Wednesday,12,2874
2021,8,33,11,Wednesday,13,5981
2021,8,33,11,Wednesday,14,6108
2021,8,33,11,Wednesday,15,641
2021,8,33,11,Wednesday,16,242
2021,8,33,11,Wednesday,17,94
2021,8,33,11,Wednesday,18,67
2021,8,33,11,Wednesday,19,1137
2021,8,33,11,Wednesday,20,13
2021,8,33,11,Wednesday,21,62
2021,8,33,11,Wednesday,22,114
2021,8,33,11,Wednesday,23,139
2021,8,33,12,Thursday,0,9
2021,8,33,12,Thursday,1,59
2021,8,33,12,Thursday,2,3
2021,8,33,12,Thursday,3,101
2021,8,33,12,Thursday,4,65
2021,8,33,12,Thursday,5,310
2021,8,33,12,Thursday,6,781
2021,8,33,12,Thursday,7,1434
2021,8,33,12,Thursday,8,1509
2021,8,33,12,Thursday,9,1548
2021,8,33,12,Thursday,10,2639
2021,8,33,12,Thursday,11,3418
2021,8,33,12,Thursday,12,4023
2021,8,33,12,Thursday,13,5747
2021,8,33,12,Thursday,14,5785
2021,8,33,12,Thursday,15,2215
2021,8,33,12,Thursday,16,244
2021,8,33,12,Thursday,17,139
2021,8,33,12,Thursday,18,78
2021,8,33,12,Thursday,19,1191
2021,8,33,12,Thursday,20,26
2021,8,33,12,Thursday,21,28
2021,8,33,12,Thursday,22,24
2021,8,33,12,Thursday,23,222
2021,8,33,13,Friday,0,25
2021,8,33,13,Friday,1,87
2021,8,33,13,Friday,2,1
2021,8,33,13,Friday,3,101
2021,8,33,13,Friday,4,263
2021,8,33,13,Friday,5,268
2021,8,33,13,Friday,6,969
2021,8,33,13,Friday,7,1869
2021,8,33,13,Friday,8,1687
2021,8,33,13,Friday,9,2125
2021,8,33,13,Friday,10,2587
2021,8,33,13,Friday,11,3192
2021,8,33,13,Friday,12,3000
2021,8,33,13,Friday,13,4655
2021,8,33,13,Friday,14,4493
2021,8,33,13,Friday,15,481
2021,8,33,13,Friday,16,212
2021,8,33,13,Friday,17,95
2021,8,33,13,Friday,18,12
2021,8,33,13,Friday,19,921
2021,8,33,13,Friday,20,21
2021,8,33,13,Friday,21,28
2021,8,33,13,Friday,22,7
2021,8,33,13,Friday,23,3
2021,8,33,14,Saturday,1,55
2021,8,33,14,Saturday,2,3
2021,8,33,14,Saturday,3,116
2021,8,33,14,Saturday,4,24
2021,8,33,14,Saturday,5,2
2021,8,33,14,Saturday,6,263
2021,8,33,14,Saturday,7,60
2021,8,33,14,Saturday,8,198
2021,8,33,14,Saturday,9,488
2021,8,33,14,Saturday,10,370
2021,8,33,14,Saturday,11,795
2021,8,33,14,Saturday,12,479
2021,8,33,14,Saturday,13,260
2021,8,33,14,Saturday,14,270
2021,8,33,14,Saturday,15,118
2021,8,33,14,Saturday,16,2
2021,8,33,14,Saturday,17,12
2021,8,33,14,Saturday,20,14
2021,8,33,14,Saturday,21,5
2021,8,33,14,Saturday,22,1
2021,8,34,15,Sunday,0,2
2021,8,34,15,Sunday,1,25
2021,8,34,15,Sunday,3,26
2021,8,34,15,Sunday,6,324
2021,8,34,15,Sunday,7,219
2021,8,34,15,Sunday,8,463
2021,8,34,15,Sunday,9,396
2021,8,34,15,Sunday,10,295
2021,8,34,15,Sunday,11,1065
2021,8,34,15,Sunday,12,610
2021,8,34,15,Sunday,13,2242
2021,8,34,15,Sunday,14,598
2021,8,34,15,Sunday,15,81
2021,8,34,15,Sunday,16,27
2021,8,34,15,Sunday,17,4
2021,8,34,15,Sunday,18,40
2021,8,34,15,Sunday,19,6
2021,8,34,15,Sunday,20,5
2021,8,34,15,Sunday,21,167
2021,8,34,15,Sunday,22,19
2021,8,34,15,Sunday,23,137
2021,8,34,16,Monday,1,40
2021,8,34,16,Monday,2,14
2021,8,34,16,Monday,3,26
2021,8,34,16,Monday,4,457
2021,8,34,16,Monday,5,329
2021,8,34,16,Monday,6,839
2021,8,34,16,Monday,7,1061
2021,8,34,16,Monday,8,2324
2021,8,34,16,Monday,9,2462
2021,8,34,16,Monday,10,2503
2021,8,34,16,Monday,11,4773
2021,8,34,16,Monday,12,3464
2021,8,34,16,Monday,13,5287
2021,8,34,16,Monday,14,5982
2021,8,34,16,Monday,15,2802
2021,8,34,16,Monday,16,184
2021,8,34,16,Monday,17,79
2021,8,34,16,Monday,18,27
2021,8,34,16,Monday,19,22
2021,8,34,16,Monday,20,906
2021,8,34,16,Monday,21,103
2021,8,34,16,Monday,21,103
2021,8,34,16,Monday,22,104
2021,8,34,16,Monday,23,186
2021,8,34,17,Tuesday,0,5
2021,8,34,17,Tuesday,1,99
2021,8,34,17,Tuesday,2,25
2021,8,34,17,Tuesday,3,65
2021,8,34,17,Tuesday,4,167
2021,8,34,17,Tuesday,5,511
2021,8,34,17,Tuesday,6,1367
2021,8,34,17,Tuesday,7,745
2021,8,34,17,Tuesday,8,1050
2021,8,34,17,Tuesday,9,1800
2021,8,34,17,Tuesday,10,2594
2021,8,34,17,Tuesday,11,3540
2021,8,34,17,Tuesday,12,4233
2021,8,34,17,Tuesday,13,3202
2021,8,34,17,Tuesday,14,5855
2021,8,34,17,Tuesday,15,2068
2021,8,34,17,Tuesday,16,269
2021,8,34,17,Tuesday,17,91
2021,8,34,17,Tuesday,18,137
2021,8,34,17,Tuesday,19,493
2021,8,34,17,Tuesday,20,8
2021,8,34,17,Tuesday,21,72
2021,8,34,17,Tuesday,22,65
2021,8,34,17,Tuesday,23,319
2021,8,34,18,Wednesday,0,90
2021,8,34,18,Wednesday,1,172
2021,8,34,18,Wednesday,2,15
2021,8,34,18,Wednesday,3,53
2021,8,34,18,Wednesday,4,99
2021,8,34,18,Wednesday,5,329
2021,8,34,18,Wednesday,6,1207
2021,8,34,18,Wednesday,7,1084
2021,8,34,18,Wednesday,8,1825
2021,8,34,18,Wednesday,9,2610
2021,8,34,18,Wednesday,10,2693
2021,8,34,18,Wednesday,11,2359
2021,8,34,18,Wednesday,12,4101
2021,8,34,18,Wednesday,13,5148
2021,8,34,18,Wednesday,14,5419
2021,8,34,18,Wednesday,15,626
2021,8,34,18,Wednesday,16,160
2021,8,34,18,Wednesday,17,151
2021,8,34,18,Wednesday,18,50
2021,8,34,18,Wednesday,19,286
2021,8,34,18,Wednesday,20,925
2021,8,34,18,Wednesday,21,50
2021,8,34,18,Wednesday,22,87
2021,8,34,18,Wednesday,23,220
2021,8,34,19,Thursday,0,12
2021,8,34,19,Thursday,1,39
2021,8,34,19,Thursday,2,1
2021,8,34,19,Thursday,3,5
2021,8,34,19,Thursday,4,167
2021,8,34,19,Thursday,5,291
2021,8,34,19,Thursday,6,1012
2021,8,34,19,Thursday,7,1206
2021,8,34,19,Thursday,8,1504
2021,8,34,19,Thursday,9,1422
2021,8,34,19,Thursday,10,2252
2021,8,34,19,Thursday,11,3358
2021,8,34,19,Thursday,12,4918
2021,8,34,19,Thursday,13,4783
2021,8,34,19,Thursday,14,6733
2021,8,34,19,Thursday,15,1116
2021,8,34,19,Thursday,16,162
2021,8,34,19,Thursday,17,71
2021,8,34,19,Thursday,18,120
2021,8,34,19,Thursday,19,707
2021,8,34,19,Thursday,20,24
2021,8,34,19,Thursday,21,59
2021,8,34,19,Thursday,22,60
2021,8,34,19,Thursday,23,213
2021,8,34,20,Friday,0,4
2021,8,34,20,Friday,1,93
2021,8,34,20,Friday,2,4
2021,8,34,20,Friday,3,102
2021,8,34,20,Friday,4,53
2021,8,34,20,Friday,5,368
2021,8,34,20,Friday,6,936
2021,8,34,20,Friday,7,1399
2021,8,34,20,Friday,8,1841
2021,8,34,20,Friday,9,2122
2021,8,34,20,Friday,10,2494
2021,8,34,20,Friday,11,2059
2021,8,34,20,Friday,12,5543
2021,8,34,20,Friday,13,3692
2021,8,34,20,Friday,14,4155
2021,8,34,20,Friday,15,474
2021,8,34,20,Friday,16,251
2021,8,34,20,Friday,17,132
2021,8,34,20,Friday,18,124
2021,8,34,20,Friday,19,33
2021,8,34,20,Friday,20,20
2021,8,34,20,Friday,21,339
2021,8,34,20,Friday,22,30
2021,8,34,20,Friday,23,5
2021,8,34,21,Saturday,1,79
2021,8,34,21,Saturday,2,4
2021,8,34,21,Saturday,3,87
2021,8,34,21,Saturday,4,141
2021,8,34,21,Saturday,5,3
2021,8,34,21,Saturday,6,187
2021,8,34,21,Saturday,7,56
2021,8,34,21,Saturday,8,83
2021,8,34,21,Saturday,9,28
2021,8,34,21,Saturday,10,241
2021,8,34,21,Saturday,11,561
2021,8,34,21,Saturday,12,770
2021,8,34,21,Saturday,13,290
2021,8,34,21,Saturday,14,11
2021,8,34,21,Saturday,15,2
2021,8,34,21,Saturday,17,12
2021,8,35,22,Sunday,1,2
2021,8,35,22,Sunday,2,1
2021,8,35,22,Sunday,3,26
2021,8,35,22,Sunday,6,247
2021,8,35,22,Sunday,7,196
2021,8,35,22,Sunday,8,593
2021,8,35,22,Sunday,9,321
2021,8,35,22,Sunday,10,638
2021,8,35,22,Sunday,11,590
2021,8,35,22,Sunday,12,686
2021,8,35,22,Sunday,13,2676
2021,8,35,22,Sunday,14,166
2021,8,35,22,Sunday,15,184
2021,8,35,22,Sunday,16,29
2021,8,35,22,Sunday,17,81
2021,8,35,22,Sunday,18,50
2021,8,35,22,Sunday,19,1
2021,8,35,22,Sunday,20,19
2021,8,35,22,Sunday,21,165
2021,8,35,22,Sunday,22,115
2021,8,35,22,Sunday,23,43
2021,8,35,23,Monday,0,3
2021,8,35,23,Monday,1,145
2021,8,35,23,Monday,2,17
2021,8,35,23,Monday,3,14
2021,8,35,23,Monday,4,252
2021,8,35,23,Monday,5,156
2021,8,35,23,Monday,6,969
2021,8,35,23,Monday,7,1004
2021,8,35,23,Monday,8,2106
2021,8,35,23,Monday,9,1825
2021,8,35,23,Monday,10,1944
2021,8,35,23,Monday,11,5899
2021,8,35,23,Monday,12,5023
2021,8,35,23,Monday,13,3315
2021,8,35,23,Monday,14,4598
2021,8,35,23,Monday,15,3288
2021,8,35,23,Monday,16,449
2021,8,35,23,Monday,17,109
2021,8,35,23,Monday,18,82
2021,8,35,23,Monday,19,40
2021,8,35,23,Monday,20,712
2021,8,35,23,Monday,21,2367
2021,8,35,23,Monday,22,61
2021,8,35,23,Monday,23,131
2021,8,35,24,Tuesday,0,19
2021,8,35,24,Tuesday,1,158
2021,8,35,24,Tuesday,2,23
2021,8,35,24,Tuesday,3,143
2021,8,35,24,Tuesday,4,556
2021,8,35,24,Tuesday,5,1410
2021,8,35,24,Tuesday,6,768
2021,8,35,24,Tuesday,7,765
2021,8,35,24,Tuesday,8,1574
2021,8,35,24,Tuesday,9,1468
2021,8,35,24,Tuesday,10,2678
2021,8,35,24,Tuesday,11,3445
2021,8,35,24,Tuesday,12,4785
2021,8,35,24,Tuesday,13,3573
2021,8,35,24,Tuesday,14,5580
2021,8,35,24,Tuesday,15,1121
2021,8,35,24,Tuesday,16,353
2021,8,35,24,Tuesday,17,180
2021,8,35,24,Tuesday,18,97
2021,8,35,24,Tuesday,19,304
2021,8,35,24,Tuesday,20,204
2021,8,35,24,Tuesday,21,52
2021,8,35,24,Tuesday,22,67
2021,8,35,24,Tuesday,23,325
2021,8,35,25,Wednesday,0,29
2021,8,35,25,Wednesday,1,60
2021,8,35,25,Wednesday,2,11
2021,8,35,25,Wednesday,3,321
2021,8,35,25,Wednesday,4,211
2021,8,35,25,Wednesday,5,457
2021,8,35,25,Wednesday,6,1236
2021,8,35,25,Wednesday,7,986
2021,8,35,25,Wednesday,8,1629
2021,8,35,25,Wednesday,9,1907
2021,8,35,25,Wednesday,10,2339
2021,8,35,25,Wednesday,11,3807
2021,8,35,25,Wednesday,12,4650
2021,8,35,25,Wednesday,13,3669
2021,8,35,25,Wednesday,14,5980
2021,8,35,25,Wednesday,15,911
2021,8,35,25,Wednesday,16,165
2021,8,35,25,Wednesday,17,79
2021,8,35,25,Wednesday,18,117
2021,8,35,25,Wednesday,19,938
2021,8,35,25,Wednesday,20,34
2021,8,35,25,Wednesday,21,36
2021,8,35,25,Wednesday,22,14
2021,8,35,25,Wednesday,23,192
2021,8,35,26,Thursday,0,4
2021,8,35,26,Thursday,1,82
2021,8,35,26,Thursday,2,8
2021,8,35,26,Thursday,3,138
2021,8,35,26,Thursday,4,193
2021,8,35,26,Thursday,5,819
2021,8,35,26,Thursday,6,797
2021,8,35,26,Thursday,7,522
2021,8,35,26,Thursday,8,2038
2021,8,35,26,Thursday,9,1274
2021,8,35,26,Thursday,10,4479
2021,8,35,26,Thursday,11,4303
2021,8,35,26,Thursday,12,2136
2021,8,35,26,Thursday,13,3661
2021,8,35,26,Thursday,14,7079
2021,8,35,26,Thursday,15,3024
2021,8,35,26,Thursday,16,323
2021,8,35,26,Thursday,17,87
2021,8,35,26,Thursday,18,402
2021,8,35,26,Thursday,19,844
2021,8,35,26,Thursday,20,34
2021,8,35,26,Thursday,21,46
2021,8,35,26,Thursday,22,85
2021,8,35,26,Thursday,23,189
2021,8,35,27,Friday,0,20
2021,8,35,27,Friday,1,79
2021,8,35,27,Friday,3,13
2021,8,35,27,Friday,4,628
2021,8,35,27,Friday,5,628
2021,8,35,27,Friday,6,1198
2021,8,35,27,Friday,7,767
2021,8,35,27,Friday,8,2264
2021,8,35,27,Friday,9,2031
2021,8,35,27,Friday,10,2044
2021,8,35,27,Friday,11,3454
2021,8,35,27,Friday,12,4549
2021,8,35,27,Friday,13,2783
2021,8,35,27,Friday,14,5293
2021,8,35,27,Friday,15,256
2021,8,35,27,Friday,16,266
2021,8,35,27,Friday,17,123
2021,8,35,27,Friday,18,92
2021,8,35,27,Friday,19,194
2021,8,35,27,Friday,20,40
2021,8,35,27,Friday,21,68
2021,8,35,27,Friday,22,31
2021,8,35,27,Friday,23,24
2021,8,35,28,Saturday,0,11
2021,8,35,28,Saturday,1,31
2021,8,35,28,Saturday,2,31
2021,8,35,28,Saturday,3,3
2021,8,35,28,Saturday,4,366
2021,8,35,28,Saturday,5,36
2021,8,35,28,Saturday,6,235
2021,8,35,28,Saturday,7,88
2021,8,35,28,Saturday,8,203
2021,8,35,28,Saturday,9,572
2021,8,35,28,Saturday,10,241
2021,8,35,28,Saturday,11,503
2021,8,35,28,Saturday,12,460
2021,8,35,28,Saturday,13,558
2021,8,35,28,Saturday,14,40
2021,8,35,28,Saturday,15,2
2021,8,35,28,Saturday,17,8
2021,8,35,28,Saturday,18,19
2021,8,36,29,Sunday,0,1
2021,8,36,29,Sunday,1,1
2021,8,36,29,Sunday,3,36
2021,8,36,29,Sunday,4,1
2021,8,36,29,Sunday,5,39
2021,8,36,29,Sunday,6,328
2021,8,36,29,Sunday,7,182
2021,8,36,29,Sunday,8,664
2021,8,36,29,Sunday,9,556
2021,8,36,29,Sunday,10,128
2021,8,36,29,Sunday,11,595
2021,8,36,29,Sunday,12,759
2021,8,36,29,Sunday,13,2411
2021,8,36,29,Sunday,14,292
2021,8,36,29,Sunday,15,23
2021,8,36,29,Sunday,16,19
2021,8,36,29,Sunday,17,20
2021,8,36,29,Sunday,18,1
2021,8,36,29,Sunday,19,1
2021,8,36,29,Sunday,20,40
2021,8,36,29,Sunday,21,70
2021,8,36,29,Sunday,22,60
2021,8,36,29,Sunday,23,98
2021,8,36,30,Monday,0,30
2021,8,36,30,Monday,1,151
2021,8,36,30,Monday,2,1
2021,8,36,30,Monday,3,2
2021,8,36,30,Monday,4,916
2021,8,36,30,Monday,5,250
2021,8,36,30,Monday,6,931
2021,8,36,30,Monday,7,1184
2021,8,36,30,Monday,8,2071
2021,8,36,30,Monday,9,2379
2021,8,36,30,Monday,10,2888
2021,8,36,30,Monday,11,4173
2021,8,36,30,Monday,12,5265
2021,8,36,30,Monday,13,4218
2021,8,36,30,Monday,14,4531
2021,8,36,30,Monday,15,1709
2021,8,36,30,Monday,16,270
2021,8,36,30,Monday,17,134
2021,8,36,30,Monday,18,162
2021,8,36,30,Monday,19,31
2021,8,36,30,Monday,20,340
2021,8,36,30,Monday,21,560
2021,8,36,30,Monday,22,385
2021,8,36,30,Monday,23,247
2021,8,36,31,Tuesday,0,3
2021,8,36,31,Tuesday,1,102
2021,8,36,31,Tuesday,2,6
2021,8,36,31,Tuesday,3,47
2021,8,36,31,Tuesday,4,496
2021,8,36,31,Tuesday,5,270
2021,8,36,31,Tuesday,6,1137
2021,8,36,31,Tuesday,7,972
2021,8,36,31,Tuesday,8,1390
2021,8,36,31,Tuesday,9,2145
2021,8,36,31,Tuesday,10,2997
2021,8,36,31,Tuesday,11,2902
2021,8,36,31,Tuesday,12,4795
2021,8,36,31,Tuesday,13,3177
2021,8,36,31,Tuesday,14,2700
2021,8,36,31,Tuesday,15,833
2021,8,36,31,Tuesday,16,3291
2021,8,36,31,Tuesday,17,1083
2021,8,36,31,Tuesday,18,69
2021,8,36,31,Tuesday,19,433
2021,8,36,31,Tuesday,20,100
2021,8,36,31,Tuesday,21,64
2021,8,36,31,Tuesday,22,11
2021,8,36,31,Tuesday,23,248
2021,9,36,1,Wednesday,0,90
2021,9,36,1,Wednesday,1,161
2021,9,36,1,Wednesday,2,9
2021,9,36,1,Wednesday,3,8
2021,9,36,1,Wednesday,4,310
2021,9,36,1,Wednesday,5,202
2021,9,36,1,Wednesday,6,1321
2021,9,36,1,Wednesday,7,1043
2021,9,36,1,Wednesday,8,1454
2021,9,36,1,Wednesday,9,2097
2021,9,36,1,Wednesday,10,3958
2021,9,36,1,Wednesday,11,5432
2021,9,36,1,Wednesday,12,3773
2021,9,36,1,Wednesday,13,6067
2021,9,36,1,Wednesday,14,5767
2021,9,36,1,Wednesday,15,1525
2021,9,36,1,Wednesday,16,181
2021,9,36,1,Wednesday,17,59
2021,9,36,1,Wednesday,18,91
2021,9,36,1,Wednesday,19,162
2021,9,36,1,Wednesday,20,1110
2021,9,36,1,Wednesday,21,84
2021,9,36,1,Wednesday,22,27
2021,9,36,1,Wednesday,23,282
2021,9,36,2,Thursday,0,2
2021,9,36,2,Thursday,1,66
2021,9,36,2,Thursday,2,105
2021,9,36,2,Thursday,3,38
2021,9,36,2,Thursday,4,1426
2021,9,36,2,Thursday,5,401
2021,9,36,2,Thursday,6,912
2021,9,36,2,Thursday,7,1009
2021,9,36,2,Thursday,8,1541
2021,9,36,2,Thursday,9,1810
2021,9,36,2,Thursday,10,1769
2021,9,36,2,Thursday,11,3931
2021,9,36,2,Thursday,12,4675
2021,9,36,2,Thursday,13,5185
2021,9,36,2,Thursday,14,4963
2021,9,36,2,Thursday,15,3299
2021,9,36,2,Thursday,16,179
2021,9,36,2,Thursday,17,122
2021,9,36,2,Thursday,18,171
2021,9,36,2,Thursday,19,583
2021,9,36,2,Thursday,20,50
2021,9,36,2,Thursday,21,42
2021,9,36,2,Thursday,22,182
2021,9,36,2,Thursday,23,190
2021,9,36,3,Friday,0,25
2021,9,36,3,Friday,1,43
2021,9,36,3,Friday,2,1
2021,9,36,3,Friday,3,12
2021,9,36,3,Friday,4,382
2021,9,36,3,Friday,5,153
2021,9,36,3,Friday,6,1041
2021,9,36,3,Friday,7,1653
2021,9,36,3,Friday,8,1624
2021,9,36,3,Friday,9,1325
2021,9,36,3,Friday,10,2155
2021,9,36,3,Friday,11,4057
2021,9,36,3,Friday,12,3958
2021,9,36,3,Friday,13,4630
2021,9,36,3,Friday,14,4064
2021,9,36,3,Friday,15,1070
2021,9,36,3,Friday,16,365
2021,9,36,3,Friday,17,114
2021,9,36,3,Friday,18,32
2021,9,36,3,Friday,19,443
2021,9,36,3,Friday,20,45
2021,9,36,3,Friday,21,55
2021,9,36,3,Friday,22,20
2021,9,36,3,Friday,23,7
2021,9,36,4,Saturday,0,7
2021,9,36,4,Saturday,1,97
2021,9,36,4,Saturday,3,2
2021,9,36,4,Saturday,4,205
2021,9,36,4,Saturday,6,535
2021,9,36,4,Saturday,7,110
2021,9,36,4,Saturday,8,179
2021,9,36,4,Saturday,9,170
2021,9,36,4,Saturday,10,235
2021,9,36,4,Saturday,11,618
2021,9,36,4,Saturday,12,925
2021,9,36,4,Saturday,13,77
2021,9,36,4,Saturday,14,24
2021,9,36,4,Saturday,15,2
2021,9,36,4,Saturday,16,1
2021,9,36,4,Saturday,17,2
2021,9,36,4,Saturday,20,17
2021,9,36,4,Saturday,21,103
2021,9,36,4,Saturday,23,10
2021,9,37,5,Sunday,0,2
2021,9,37,5,Sunday,1,3
2021,9,37,5,Sunday,4,26
2021,9,37,5,Sunday,6,412
2021,9,37,5,Sunday,7,49
2021,9,37,5,Sunday,8,560
2021,9,37,5,Sunday,9,324
2021,9,37,5,Sunday,10,443
2021,9,37,5,Sunday,11,436
2021,9,37,5,Sunday,12,586
2021,9,37,5,Sunday,13,1400
2021,9,37,5,Sunday,14,165
2021,9,37,5,Sunday,15,111
2021,9,37,5,Sunday,16,1
2021,9,37,5,Sunday,17,1
2021,9,37,5,Sunday,18,3
2021,9,37,5,Sunday,19,12
2021,9,37,5,Sunday,21,10
2021,9,37,5,Sunday,23,1045
2021,9,37,6,Monday,1,2
2021,9,37,6,Monday,2,141
2021,9,37,6,Monday,3,6
2021,9,37,6,Monday,4,888
2021,9,37,6,Monday,5,85
2021,9,37,6,Monday,6,339
2021,9,37,6,Monday,7,723
2021,9,37,6,Monday,8,1015
2021,9,37,6,Monday,9,917
2021,9,37,6,Monday,10,1752
2021,9,37,6,Monday,11,1179
2021,9,37,6,Monday,12,2112
2021,9,37,6,Monday,13,989
2021,9,37,6,Monday,14,671
2021,9,37,6,Monday,15,5
2021,9,37,6,Monday,16,10
2021,9,37,6,Monday,17,8
2021,9,37,6,Monday,18,6
2021,9,37,6,Monday,19,61
2021,9,37,6,Monday,20,17
2021,9,37,6,Monday,21,47
2021,9,37,6,Monday,22,59
2021,9,37,6,Monday,23,4
2021,9,37,7,Tuesday,1,12
2021,9,37,7,Tuesday,2,10
2021,9,37,7,Tuesday,3,8
2021,9,37,7,Tuesday,4,234
2021,9,37,7,Tuesday,5,52
2021,9,37,7,Tuesday,6,1236
2021,9,37,7,Tuesday,6,1236
2021,9,37,7,Tuesday,7,766
2021,9,37,7,Tuesday,8,1545
2021,9,37,7,Tuesday,9,1292
2021,9,37,7,Tuesday,10,2722
2021,9,37,7,Tuesday,11,3435
2021,9,37,7,Tuesday,12,4574
2021,9,37,7,Tuesday,13,4528
2021,9,37,7,Tuesday,14,5516
2021,9,37,7,Tuesday,15,715
2021,9,37,7,Tuesday,16,3129
2021,9,37,7,Tuesday,17,49
2021,9,37,7,Tuesday,18,115
2021,9,37,7,Tuesday,19,57
2021,9,37,7,Tuesday,20,353
2021,9,37,7,Tuesday,21,43
2021,9,37,7,Tuesday,22,81
2021,9,37,7,Tuesday,23,164
2021,9,37,8,Wednesday,0,26
2021,9,37,8,Wednesday,1,159
2021,9,37,8,Wednesday,3,6
2021,9,37,8,Wednesday,4,264
2021,9,37,8,Wednesday,5,298
2021,9,37,8,Wednesday,6,1100
2021,9,37,8,Wednesday,7,1380
2021,9,37,8,Wednesday,8,1469
2021,9,37,8,Wednesday,9,2605
2021,9,37,8,Wednesday,10,2380
2021,9,37,8,Wednesday,11,3090
2021,9,37,8,Wednesday,12,5589
2021,9,37,8,Wednesday,13,5723
2021,9,37,8,Wednesday,14,3773
2021,9,37,8,Wednesday,15,2037
2021,9,37,8,Wednesday,16,591
2021,9,37,8,Wednesday,17,135
2021,9,37,8,Wednesday,18,141
2021,9,37,8,Wednesday,19,249
2021,9,37,8,Wednesday,20,825
2021,9,37,8,Wednesday,21,19
2021,9,37,8,Wednesday,22,70
2021,9,37,8,Wednesday,23,192
2021,9,37,9,Thursday,0,45
2021,9,37,9,Thursday,1,21
2021,9,37,9,Thursday,2,6
2021,9,37,9,Thursday,3,15
2021,9,37,9,Thursday,4,156
2021,9,37,9,Thursday,5,1379
2021,9,37,9,Thursday,6,1262
2021,9,37,9,Thursday,7,991
2021,9,37,9,Thursday,8,1617
2021,9,37,9,Thursday,9,1818
2021,9,37,9,Thursday,10,2574
2021,9,37,9,Thursday,11,3461
2021,9,37,9,Thursday,12,3649
2021,9,37,9,Thursday,13,5952
2021,9,37,9,Thursday,14,5573
2021,9,37,9,Thursday,15,3001
2021,9,37,9,Thursday,16,138
2021,9,37,9,Thursday,17,71
2021,9,37,9,Thursday,18,55
2021,9,37,9,Thursday,19,281
2021,9,37,9,Thursday,20,182
2021,9,37,9,Thursday,21,19
2021,9,37,9,Thursday,22,116
2021,9,37,9,Thursday,23,161
2021,9,37,10,Friday,1,12
2021,9,37,10,Friday,2,5
2021,9,37,10,Friday,3,2
2021,9,37,10,Friday,4,229
2021,9,37,10,Friday,5,166
2021,9,37,10,Friday,6,926
2021,9,37,10,Friday,7,1984
2021,9,37,10,Friday,8,1569
2021,9,37,10,Friday,9,1066
2021,9,37,10,Friday,10,1559
2021,9,37,10,Friday,11,2381
2021,9,37,10,Friday,12,2756
2021,9,37,10,Friday,13,3390
2021,9,37,10,Friday,14,2623
2021,9,37,10,Friday,15,216
2021,9,37,10,Friday,16,1
2021,9,37,10,Friday,17,51
2021,9,37,10,Friday,18,39
2021,9,37,10,Friday,19,10
2021,9,37,10,Friday,20,3
2021,9,37,11,Saturday,4,3
2021,9,37,11,Saturday,9,13